<?xml version="1.0" encoding="utf-8"?> 
<!DOCTYPE TEI PUBLIC "-//OTAP//DTD TEI Transitional//EN" "http://www.tei-c.org/release/xml/tei/custom/schema/dtd/tei_lite.dtd">
<!-- <?xml-stylesheet type="text/xsl" href="month.xsl"?>-->
<TEI> 
<teiHeader>

<!--  [ TEI Header information ]  -->
<fileDesc>
<titleStmt>
<title>The_Poppy, ყაყაჩო</title>
<author>Lado_Asatiani, ლადო_ასათიანი</author>
<respStmt>
<resp>Georgian Digital Text Collective (DTCG)</resp>
<name>Mary Childs, with Maka Janikashvili</name>
</respStmt>
</titleStmt>
<publicationStmt>
<distributor>Newbook Digital Texts in the Humanities (NDTH)</distributor>
<address>
<addrLine>newbook@uw.edu</addrLine>
</address>
<idno type="DTCG">1999</idno>
<availability>
<p>Copyright 2014 DTCG. All Rights Reserved.</p>
<p>
[FOR PRINT: Get standard wording] DTCG grants non-profit academic users a limited, non-exclusive right to copy and print this work with attribution. This right does not include use of this material in derivative works.
</p>
<p>
[NOT FOR PRINT: Get standard wording]This work is not yet available for print-on-demand.
</p>
</availability>
<date when="2012">2014</date>
</publicationStmt>
<sourceDesc>
<bibl>Lado Asatiani The Poppy</bibl>
</sourceDesc>
</fileDesc>
<encodingDesc>
<projectDesc>
<p>
The purpose of DTCG is to make available, on the internet, dual language presentations of Georgian literary and scholarly works.
</p>
</projectDesc>
<!--

  <editorialDecl>
   <correction>
    <p>NO CORRECTIONS.</p>
   </correction>
   <normalization>
    <p>Original spelling and typography is retained.</p>
   </normalization>
  </editorialDecl>
-->
</encodingDesc>
<revisionDesc>
<list>
<item>
<date when="2012-10-22">Winter, 2011</date>
Last checked
</item>
<item>
<date when="2013-04-24">24 April 13</date>
Updated TEI Header
</item>
</list>
</revisionDesc>
</teiHeader>
<text>
<body>
<div type="work" xml:id="GT0000">
<head type="work">Title</head>
<div type="container1" xml:lang="ka">
<head type="container1">ყაყაჩო</head>
<head type="container1">
<foreign>title</foreign>
</head>
<head type="dedication">dedication</head>
<div type="chapter" n="1">
<head type="chapter" n="1">chapter title</head>
<div type="section" n="1">
<head type="section" n="1">section title</head>
<pb n="0001"/>
<lg n="stanza_title">
<lg>
<l>ეთერ სვანიძეს</l>
</lg>
<lg>
<l>ძველად აქ ჯარებს უხმობდნენ</l>
<l>დაფდაფითა და ბუკითა,</l>
<l>ახლა ყაყაჩო შემომხვდა</l>
<l>ლამაზი ქალის შუქითა.</l>
<l>შემომხვდა, შემომანათა,</l>
<l>ჩინჩხლები შემომაყარა,</l>
<l>ალუჩა-ტყემლის შემოსვლა</l>
<l>და გაზაფხული მახარა...</l>
<l>უცხო კაცად რომ შემიცნო,</l>
<l>შერცხვა და თავი დახარა;</l>
<l>შერცხვა და თავი დახარა,</l>
<l>სიწითლემ გადაუარა,</l>
<l>ალბათ, იმაზე დაფიქრდა,</l>
<l>მოვეწონეო თუ არა?!</l>
</lg>
<lg>
<l>1940</l>
</lg>
</lg>
</div>
</div>
</div>
<div type="container2" xml:lang="en">
<head type="container2">The Poppy</head>
<pb n="001"/>
<note>
<unclear>needs to be checked</unclear>
</note>
<lg n="stanza_title">
<lg>
<l>To Eteri Svanidze</l>
</lg>
<lg>
<l>In ancient times, here, they used to help the army,</l>
<l>With a drum and bugle,</l>
<l>Now, a poppy greets me</l>
<l>Like the light of a beautiful woman.</l>
<l>It comes to greet me, it illuminates me,</l>
<l>It throws sparkles towards me</l>
<l>The blossoming of the alucha and wild plum,</l>
<l>And brought good news of the spring...</l>
<l>When she recognized me as a stranger,</l>
<l>She grew timid and lowered her head;</l>
<l>She grew timid and lowered her head,</l>
<l>A blush rose up through her,</l>
<l>Maybe, she was thinking of this,</l>
<l>Does he like me, or not?!</l>
</lg>
<lg>
<l>1940</l>
</lg>
</lg>
</div>
<div type="container3" xml:lang="ru">
<head type="container3">title</head>
<p>content</p>
</div>
<div type="footnotes">
<note xml:id="n0001">note content</note>
</div>
</div>
</body>
</text>
</TEI>