<?xml version="1.0" encoding="utf-8"?> 
<!DOCTYPE TEI PUBLIC "-//OTAP//DTD TEI Transitional//EN" "http://www.tei-c.org/release/xml/tei/custom/schema/dtd/tei_lite.dtd">
<!-- <?xml-stylesheet type="text/xsl" href="month.xsl"?>-->
<TEI> 
<teiHeader>
		<!-- [ TEI Header information ] -->
 <fileDesc>
  <titleStmt>
   <title>The_High_Mountains, მთანი_მაღალნი</title>
   <author>Vazha-Pshavela,  ვაჟა-ფშაველა</author>

   <respStmt>
    <resp>Georgian Digital Text Collective (DTCG)</resp>
    <name>Mary Childs</name>
   </respStmt>
  </titleStmt>
  <publicationStmt>
   <distributor>Newbook Digital Texts (NDT)</distributor>
   <address>
    <addrLine>newbook@uw.edu; dtcg@uw.edu</addrLine>
   </address>
   <idno type="DTCG">1999</idno>

   <availability>
    <p>Copyright 2014 DTCG. All Rights Reserved.</p>
	<p>[FOR PRINT: Get standard wording] DTCG grants non-profit academic users a limited, non-exclusive right to copy and print this work with attribution. This right does not include use of this material in derivative works.</p>
	<p>[NOT FOR PRINT: Get standard wording]This work is not yet available for print-on-demand.</p>
   </availability>
   <date when="2012">2014</date>
  </publicationStmt>
  <sourceDesc>
   <bibl>Vazha-Pshvela  The High Mountains</bibl>
  </sourceDesc>
 </fileDesc>
 <encodingDesc>
  <projectDesc>
   <p>The purpose of DTCG is to make available, on the internet, dual language presentations of Georgian literary and scholarly works.</p>
  </projectDesc>
<!--
  <editorialDecl>
   <correction>
    <p>NO CORRECTIONS.</p>
   </correction>
   <normalization>
    <p>Original spelling and typography is retained.</p>
   </normalization>
  </editorialDecl>
-->
 </encodingDesc>
 <revisionDesc>

  <list>
   <item><date when="2012-10-22">22 October 12</date> Last checked</item>
   <item><date when="2013-04-24">24 April 13</date> Updated TEI Header</item>
  </list>
 </revisionDesc>
</teiHeader>

<text>
	<body>
		<div type="work" xml:id="GT0000">
			<head type="work">Title</head>
			<div type="container1" xml:lang="ka">
				<head type="container1">მთანი მაღალნი</head>
				<head type="container1"><foreign>title</foreign></head>
				<head type="dedication">dedication</head>
				<div type="chapter" n="1">
					<head type="chapter" n="1">chapter title</head>
						<div type="section" n="1">
							<head type="section" n="1">section title</head>
							<pb n="0001" />
							<p>იდგნენ და ელოდნენ.  უსაზღვროა მთების მოლოდინი; უსაზღვრო ზღვადა სდგას იმათ გულში,  წითლად, სისხლისფრად შედედებული უთიმთიმებსთ გულ-მკერდში.  გარეთ, სახეზე კი არაფერი ეტყობათ, გარდა მტერობისა.  ეს არის კიდევ ნიშანი მოლოდინისა.  ვინ რა იცის, რა ამბავია მთების გულში, რა ცეცხლი სდუღს და გადმოდის.</p>								
							<p>მთებო, მთებო!  რას ელით, ვის ელით?  ნუთუ გყავთ სატრფო დიდიხნის უნახავი?  იქნება შვილი დაჰკარგეთ? იქნება ძმა, ან დედა გყავთ შორს წასული და არაფერი ამბავი მოგსვლიათ? პასუხი არ ისმის.  სდგანან წარბშეუხრელად.  ელოდენ, ელიან და კვლავ ექნებათ მოლოდინი.  რა დააშრობს იმათ გულში იმ მოლოდინის ზღვას?  არა აქვს იმას ბოლო, არც დასასრული, როგორც ღვთაებას...</p>				
							<p>როცა ყველა სულდგმულს, მწერს, ბალახს, ყვავილებს, მდინარეს და მოუსვენარს, დაუღალავს ნიავს დაეძინებათ, მაშინ, მხოლოდ მაშინ ამოიოხრებენ და ცრემლსა ღვრიან. ჩვენ, კაცნი, მაშინ ვამბობთ: ახ, რა მძიმე ლოდივით ნაღველი მაწევს გულზეო.</p>
							<p>რატომ არ მღერით, მთებო?!  განა ისე უნდა მოვკვდე, რომ თქვენი ხმა, თქვენი სიმღერა ვერ გავიგონო!  რატომ არ იცინით?  ღიმილი მაინც მიჩვენეთ თქვენი, კარგებო! მაგრე როგორ დაგიმონათ, შეგიპყროთ, დაგიმორჩილათ ერთმა ფიქრმა, რომ სხვა ყოველივე ძალა და ნიშანი სიცოცხლისა დათრგუნვილია თქვენს გულ-გონებაში?!  არა, არა.  ხანდახან თქვენც გიხარიანთ, და ქვეყანას კი ჰგონია, ვითომ თქვენ არაფერს ჰგრძნობთ.  ხომ ვიცი, თქვენს გულში სანთლები დაენთება, როცა ლაღი არწივი დაგთამაშებთ თავზე და დასასვენებლად თქვენს კალთაზედ ჩამოეშვება.  რა ლამაზები ხართ მაშინ!  როგორ გიხდებათ, რომ ის თქვენი აღზრდილი შვილი ისე მამაცი, შეუპოვარი და ლამაზია.  ის ხომ შიკრიკიცაა თქვენი.  ღმერთს უამბობს, ატყობინებს თქვენს ამბავს...</p>
							<p>არა გაქვთ აზრი?  იდეა?  გრძნობა? არ ოცნებობთ?  როგორ არა!  მაშ რაა ის მშვენიერი ყვავილები, თქვენ რომ გულმკერდს გიმშვენებთ?  ეგაა თქვენი ოცნება, იმედი, ნუგეში,  რად იბურავს თავს ხშირის ნისლებით, თუ ჩუმ-ჩუმად რასმე არა ჰფიქრობთ და მაგ ფიქრს არ გვიმალავთ ადამიანის შვილებს?!  რად მოგყავთ ბალახი?  რად ადენთ ცივთა წყაროთა?  რად აქანებთ ზვავებს?  რადა ზრდით ლაღთა ხარჯიხვთა?!  ვის ატყუვებთ, თქვე კარგებო!</p>
							<p>სდგანან და ელიან.  წვიმა წვიმს იმათ თავზედ, ელვა უტუსავს ოქროს ქოჩორს, მეხი ეთამაშება იმათ თვალებს და ხშირადაც ერჭობა ისარივით გულმკერდში.  არაფერია.  ინგრევა ხშირად ნახევარი მთა და ზვავად მიდის ხევში.  არაფერია ეგრევ, თუ კლდე და ლოდები მაინც ელიან.  წადით, ვისაც არ გინდათ ჩვენთან მაღლა, ცის ახლოს ყოფნა, დაბლა განისვენეთ.</p>	
							<p>სდებს თოვლს.  ჰყინავს.  ცივა.  ქვა ტყვრება.  მთებს სუდარი ჩაუცვამთ ტანზე, თითქოს მკვდრები იყვნენ.  დაგვმარხეთ, დაგვიტირეთო, -- გვეძახიან.  ჩვენ კი იმათგან მოველით დამარხვას...</p>
							<p>სდგანან და ელიან. გული სტკივათ, ძალიან სტკივათ.  მაგრამ არ იხოცებიან, არ ჭლექდებიან.  ელიან, ვის?  ან რას?  რაღაცას.  დიაღ, რაღაცას.  ეს რაღაცაა უნახავის დანახვა.  ჰნახეს და გაათავეს, რასაც იმათი თვალი და გული მისწვდებოდა.  სხვა ახალი მოსწყურებია იმათ თვალსა და გულსა.  ეს ხომ თვალ-გულის გაუმაძღრობაა?  სწორედ რომ ისაა.</p>
							
							<p>1895</p>
						</div>
				</div>
			</div>
			<div type="container2" xml:lang="en">
				<head type="container2">The High Mountains</head>
				<pb n="001" />
				<note><unclear>needs to be checked</unclear></note>
				<p>They were standing and waiting. The mountains' waiting is boundless;  like a boundless sea it lies in their heart; reddish, the color of blood, clotted, it quivers in their heart and chest.  Yet outside, on their face, nothing is visible except hostility.  This is also a sign of their waiting.  Who knows, what goes on in the mountains' heart, what fire boils, and spills over.</p>
				<p>Mountains, oh mountains!  What are you waiting for, who are you waiting for? Do you really have a beloved whom you haven’t seen for a long time?  Perhaps you've lost a child?  Perhaps a brother, or your mother has gone far away, and you've had no news from either?  No answer is heard.  They stand without twitching their eyebrows.  They waited, they are waiting, and again, they will continue to wait.   What will dry up that sea of waiting in their heart?  It has no end, and no conclusion, like a deity…</p>
				<p>When every animate being, every flying insect, the grass, flowers, river, and the restless, untiring wind fall asleep, then, only then will they heave a sigh and shed tears.  We, humans, at that point say:  Ach, what sadness, like a heavy stone, lies on my heart.</p>
				<p>Why don’t you sing, oh mountains?!  Do I really have to die, and not hear your voice, your song?  Why don’t you laugh?  At least show me your smile, my good mountains!  How could a single thought have enslaved you, seized and subdued you in such a way that every other strength and sign of life is crushed in your heart and mind?!   No, no.  From time to time, you, too, rejoice, but the world thinks that you don’t feel anything.  And yet I know that candles are lit in your heart when a proud, wild eagle plays over your head, and swoops down to your lap to rest.  How beautiful you are then!  How it suits you, when your son, brought up well by you, is so courageous, fearless, and beautiful.  He is, after all, your messenger.  He talks to God, discusses your business with Him.</p>
				<p>Do you not have thoughts?  Ideas? Feelings?  Do you not dream? Of course you do! After all, what are those beautiful flowers which adorn your breast?  They are your dreams, hope, and consolation. Why do you surround yourself in thick mists, if you're not secretly thinking of something, and hiding this thought from us, the children of Adam?!   Why did you give birth to grass?  Why do you let the cold springs flow?  Why do you send avalanches crashing down?  Why do you raise the wild, free chamois?!  Who are you fooling, you good ones!</p>
				<p>They are standing and waiting.  The rain pours downs on their heads, lightening singes their golden forelock, thunder plays with their eyes and often penetrates like an arrow into their heart and chest.  It’s nothing.  Often half a mountain is destroyed, and falls like an avalanche into the ravine.  And it's also nothing, if cliff and boulders are still waiting.  Let him leave, whoever does not want to be with us on the heights, close to the sky; let him go down below to die.</p>
				<p>Snow is everywhere.  It's icy, cold.  The stone shatters.  The mountains are dressed in a shroud, as if they were dead.  Bury us, weep for us – they cry to us.  And we wait for them to bury us…</p>
				<p>They are standing and waiting.  Their heart feels pain, great pain.  But they neither die, nor turn consumptive.  They are waiting -- for whom? or what? For something. Yes, for something.  And this something is the seeing of what is not seen.  They have seen, and reached completion in what their eyes and heart attained.  Yet there is another, new yearning for their eyes and heart.  Is this the insatiability of the eyes and heart?  That's precisely what it is.</p>
				
				<p>1895</p>							
							
			</div>
			<div type="container3" xml:lang="ru">
				<head type="container3">title</head>
				<p>content</p>
			</div>
			<div type="footnotes">
				<note xml:id="n0001">note content</note>
			</div>
		</div>
	</body>
</text>
</TEI>