<?xml version="1.0" encoding="utf-8"?> 
<!DOCTYPE TEI PUBLIC "-//OTAP//DTD TEI Transitional//EN" "http://www.tei-c.org/release/xml/tei/custom/schema/dtd/tei_lite.dtd">
<!-- <?xml-stylesheet type="text/xsl" href="month.xsl"?>-->
<TEI> 
<teiHeader>
		<!-- [ TEI Header information ] -->
 <fileDesc>
  <titleStmt>
   <title>The_Story_Told_by_a_Fawn, შვილის_ნუკრის_ნაამბობი</title>
   <author>Vazha-Pshavela, ვაჟა-ფშაველა</author>
		<respStmt>
			<resp>Georgian Digital Text Collective (DTCG)</resp>
			<name>Mary Childs, with Aida Lominadze</name>
		</respStmt>
	</titleStmt>
<publicationStmt>
	<distributor>Newbook Digital Texts (NDT)</distributor>
	<address>
		<addrLine>newbook@uw.edu</addrLine>
	</address>
	<idno type="DTCG">1999</idno>

	<availability>
	<p>Georgian in Seattle. Non-commercial Use Permitted, With Attribution</p>
	<p>[FOR PRINT: Get standard wording] DTCG grants non-profit academic users a limited, non-exclusive right to copy and print this work with attribution. This right does not include use of this material in derivative works.</p>
	<p>[NOT FOR PRINT: Get standard wording]This work is not yet available for print-on-demand.</p>
   </availability>
<date when="2012">2009</date>
</publicationStmt>
<sourceDesc>
<bibl>Vazha-Pshavela The Story Told by a Fawn</bibl>
</sourceDesc>
</fileDesc>
<encodingDesc>
<projectDesc>
<p>
The purpose of DTCG is to make available, on the internet, dual language presentations of Georgian literary and scholarly works.
</p>
</projectDesc>
<!--
  <editorialDecl>
   <correction>
    <p>NO CORRECTIONS.</p>
   </correction>
   <normalization>
    <p>Original spelling and typography is retained.</p>
   </normalization>
  </editorialDecl>
-->
</encodingDesc>
<revisionDesc>

<list>
	<item><date when="2012-10-22">Winter 2009</date> Last checked</item>
	<item><date when="2013-04-24">24 April 13</date> Updated TEI Header</item>
</list>
</revisionDesc>
</teiHeader>

<text>
	<body>
		<div type="work" xml:id="GT0000">
			<head type="work">Title</head>
			<div type="container1" xml:lang="ka">
				<head type="container1">შვილის ნუკრის ნაამბობი</head>
				<head type="container1"><foreign>title</foreign></head>
				<head type="dedication">dedication</head>
				<div type="chapter" n="1">
					<head type="chapter" n="1">chapter title</head>
						<div type="section" n="1">
							<head type="section" n="1">section title</head>
								<pb n="0001" />

<p>პაწაწა ვარ, ობოლი. ბედმა დამიბრიყვა: ცუდ დროს დავობლდი. ტანზედ მაცვია პატარა, მოკლებეწვიანი, თეთრის თვლებით მოწინწკლული თხელი ქათიბი. ჯერ რქები და კბილები არ ამომსვლია, ჩლიქებიც არ გამმაგრებია. </p>

<p>გზადაკარგული დავდივარ. აი, დახედეთ ჩემს სისხლიანს ფეხსა, -ეს, წყლის დასალევად რომ
ჩავედი ხევში, მაშინ ვიტკინე... გული მიწუხს... გული... საბრალო
დედაჩემი! მანამ დედა მყვანდა ცოცხალი, სულ ალერსში ვყვანდი: ძუძუს
მაწოვებდა, მიალერსებდა, მაფრთხილებდა. რაღა მეშველება მე საბრალოს
ეხლა! ძუძუს აღარა ვწოვ, მხოლოდ ბალახის ნამსა ვსუტავ დილით და საღამოთი,
როდესაც ნამია, და რძის ნდომას იმითი ვიკლავ. უპატრონო რომ ვარ, სულ
მეშინიან, ვკანკალებ, მუდამ დღეს სიკვდილს ველი, გზაარეული
დავეხეტები... ღმერთო, რამდენი მტერი გვყავს! </p>

<p>წეღან ველის პირად გავედი დაღონებული... იქით-აქეთ თვალს ვავლებდი. უცებ ჩემს
თავზედ ჭექა გაისმა. ავიხედე მაღლა: მხრებშეკუმშული, ნიხკარტდაღებული,
უზარმაზარი ლეგა ფრინველი მოდიოდა პირდაპირ ჩემკენ. მე, შეშინებული,
ტყეში გადა- </p>

<p>5</p>
								
<p>ვხტი. წამოვიდა ის წყეული ფრინველი, ტანი ვეღარ შეიმაგრა და ჩემს ნადგომ
ადგილს დაეცა. ჟრუანტელი მივლის, როდესაც იმისი მოკაკული ნისკარტი და
ალმასივით ბრჭყალები მაგონდება. პირდაპირ მოვიდა და, იქ რომ არ დავხვდი,
ბალახებზედა და მაყვლოვანზედ მხრებით ტყლაშუნი გაადინა. მიავლ-მოავლო
საზარელი ყვითელი თვალები, ეწყინა ჩემი გაქცევა, აიწია, ძლივს
განთავისუფლდა, კინაღამ მაყვლებში ჩაება. მე ერთს ხეს ვეფარე და იქიდამ
გულის ფანცქალით ცალის თვალით გავყურებდი. 
</p>

<p>    გენაცვალე,
ტყეო! შენ ბევრს მშველი, თორემ აქამდის ჩემის ქათიბის ბეწვიც არ
იქნებოდა! გული მეუბნება, რომ მტრის მსხვერპლად გავხდები. ჯერ მე
გამოუცდელი ვარ, მხოლოდ ერთი კვირა ვიყავი დედასთან. ის მასწავლიდა, ვინ
იყო ჩემი მტერი და ვინ მოკეთე. ეხლა ვინღა მასწავლის? სულ შამბში
ვწვები, ვიმალები, მუმლისა და კოღოებისაგან მოსვენება აღარა მაქვს.
დედასთან კარგად ვცხოვრობდი, თავისუფლად ვსუნთქავდი...</p>

<p>მე
და დედაჩემი, აგერ, ტყიანი სერი რომ წამოწოლილა და აქეთ-იქით ხევები
ჩაუდის, იქ ვცხოვრობდით მუდამ დაჩრდილულნი გაბურულის ტყით; უხვერდი იყო
ჩვენი ბინა. დედაჩემი დაწვებოდა ხოლმე გორაკზე, მე გვერდით მოვუწვებოდი.
სამივე მხრიდან ხეები გვეფარა, -მეოთხეს თითონ გაიყურებოდა. ხანდახან
ყურებს დააცქვეტდა, მე შევყურებდი და ვბაძავდი იმის ქცევას, ჩემს პატარა
ყურებსაც ავცქვეტდი. სამჯერ უჩვეულებრიო ხმაურობა შემოგვესმა: ის არა
ჰგვანდა არც წყლის ჩქრიალს, რომელიც მუდამ მესმის, არც შაშვის ფაჩუნს,
არც კოდალას რაკუნს, არც კიდევ ხმელის ხის წვერიდამ ჩამოვარდნილ ტოტის
რახუნს და არც ნიავისაგან გაშრიალებულ ფოთლების ხმას... ეს შევნიშნე მე:
რაწამს ამ უცხო ხმას გაიგონებდა დედაჩემი, ზე წამოვარდებოდა და მეტყოდა:
~შვილო! მომყე, მე მომყეო!..~ გაიქცეოდა და მეც მივხტოდი, რაც ძალი და
ღონე მქონდა; არც ვიცოდი და არც მესმოდა, თუ ვის უფრთხოდა. ეხლა კი
ვიცი... ოჰ! რამდენი მტერი გვყავს! ოჰ, ადამიანო!... რატომ არ გებრალები
მე, პატარა? რატომ არ მაძლევ თავისუფლებას, რომ გულდასვენებულმა
თავისუფლად ვიარო, ვთელო ლამაზი მწვანე ბალახი, გადავდგე სერზედ და
დავსტკბე საღამოს ნიავის სიოთი?! 
</p>

<p>6</p>

<p>ვერ გავცილებივარ ტყეს. თუ გავედი ველად, უნდა ტყის პირს არ მოვცილდე,-
მაშინაც ნახევარი სიცოცხლე მაკლდება! სულ აქეთ-იქით უნდა ვიყურო, ვეფარო
ხეებს, კლდეებს, ბალახებსა და კანკალით ვჭამო საჭმელი, შიშისგან
ზეზეურად უნდა დავდნე!... რას გიშავებ, ადამიანო, მითხარი, რას? რა
დაგიშავა საბრალო დედაჩემმა, რა შეგისვა, რა შეგიჭამა, რომ მოჰკალი და
უპატრონოდ დამაგდე, დამაობლე?! ოჰ, ადამიანებო! თქვენს ხერხსა და ღონეზე
ხართ დაიმედებულნი და ჩვენი ჯავრი არა გაქვსთ... არა ჰგრძნობთ, რომ
ჩვენც გვიყვარს თავისუფლება, არა ჰგრძნობთ თქვენის შეუბრალებელის გულით,
რომ ჩვენც გვიყვარს სიცოცხლე, ბუნება: ფოთლის შრიალი, წყლის ჩქრიალი,
რომელსაც სულგანაბული ეგრე ხშირად ყურს ვუგდებ ხოლმე, ბალახის ბიბინი და
ტყის ცხოველებთან ერთად ნავარდობა... შენ კი, ოჰ, ადამიანო!...
თვალებდასისხლიანებული, გაფაციცებული დამეძებ მე და ჩემს ფერს სუსტსა და
უპატრონოს ათასს სხვას...იარაღი გაქვს, მოგვეპარები, მუხთლად გვკრავ
ტყვიას და გამოგვასალმებ წუთისოფელს...  
</p>

<p>როგორ
არ უნდა მეშინოდეს?...ჯერ სულ ერთი კვირაა, რაც მე წუთისოფელს ვხედავ, და
რამდენი შიში და ვაება გამოვიარე! გუშინწინ წვიმიანი დღე იყო. სიცოცხლითა
და სიმშვენიერით აღსავსე დედაჩემი წიფლის გვერდზედ იდგა და გემრიელად
იცოხნებოდა... მეც გვერდით ვუდექი, მიხაროდა დედასთან დგომა, მტერი და
სიკვდილი არც კი მაგონდებოდა დედის იმედით. ხშირის ფოთლებიდამ წვიმის
ნამი კამკამით ჩამოდიოდა... მე თავს ვუშვერდი, რომ სასიამოვნო წვეთებს
გავეგრილებინე. </p>

<p>-- არ გიამა, შვილო? -- მკითხავდა დედა. </p>

<p>მე თავს ვუქნევდი და ვხტოდი, ხან ძუძუებში ვბურჩნიდი. </p>

<p>ჩვენს წინ ერთ ხმელ ხეს გარშემო კოდალა ევლებოდა და ისე მაგრა უკაკუნებდა, რომ
მიკვირდა, - დედაჩემი ამოდენაა და არ შეუძლიან ეგრე ტყის გახმაურება,
როგორც ამ პატარა ჩიტს მეთქი! უვლიდა გარშემო ხეს ფეხების ფხაკუნით და
ხან ერთსა და ხან  
</p>

<p>7</p>

<p>მეორე ადგილას ჩაჰკრავდა ნისკარტს... კოდალას ცელქობას მე სიხარულით
შევყურებდი. უცებ ~ჩხი!~ჩხი!~ მომესმა. მოვიხედე გვერდზე: თავზედ ერთი
ჩხიკვი გვევლებოდა. ~თავი მომაფარეო, --მითხრა დედაჩემმა: - თორემ
ჩხიკვი თვალებს დაგთხრისო!...~ მე თავი მოვაფარე. დედაჩემი იგერიებდა
თავით იმ საძაგელს. ჩხიკვი ჩემკენ იწევდა; ბევრი იცოდვილა, მერე
დაგვანება თავი, თავმოკატუნებული წიფლის ტოტზე შესკუპდა და მოჰყვა
კნავილს. იმის ხმა სწორედ ჩემს ხმასა ჰგვანდა. დედას გაეცინა და მითხრა:
</p>

<p>--დიდი ეშმაკი რამეა, შვილო, ეგ ჩხიკვი, გაუფრთხილდი!... შენისთანა პატარა
ნუკრებს ძლიერ ემტერება, შვილო... კრუსუნსა და კნავილს მოჰყვება და
ახლო-მახლო რომ შენისთანა ბრიყვი და გამოუცდელი ნუკრი შეხვდეს, ბანს
მისცემს, გადაეძრახნება. მაგასაც ის უნდა: მიახტება და თვალებს
გამოსჩიჩქნის!... </p>

<p>მე ტანში ჟრუანტელმა დამიარა...</p>

<p>--ხმასაც არ გავცემ, დავემალები მაშინათვე! </p>

<p>--ჰო, ეგრე, ეგრე, შვილო! მანამ დედა ცოცხალი გყავს, ნუ შეგეშინდება; როცა მე აღარ გეყოლები, მაშინ სიფრთხილე გმართებს!</p>

<p>--ოჰ, რამდენი გამოცდილება მაკლია ჯერ კიდევ მე, საცოდავსა! </p>

<p>ერთხელ ძლიერ დაცხა. დედაჩემი საწოლიდამ ადგა და მითხრა, წყალზე წავიდეთო.
წავედით, დავყევით წვრილიანს სერს, ჩავიარეთ შამბზე და ჩავედით ხევში.
ხევი ღრმა იყო, მზის სხივები ვერ ჩასწვდომოდა. აქეთ-იქით ნაპირებზე
ხეები ერთმანეთზე გადაკვანძულიყო წვერებით. ხის ძირებზე, იქვე ხევის
პირად, ჟოლის ფესვები იყო ამოსული, წითლად თავი დაეხარათ და
გადმოჰყურებდნენ წყლის დენას. ცივი, ანკარა ხევი მოჩუხჩუხებდა გალიპულს
ქვებზე, ერთის კლდიდამ მეორეზე გადადიოდა და გუბდებოდა. დედაჩემი მივიდა
და ჩადგა შიგ გუბეში. მე ძლივს დავდიოდი ქვებზე, ჩლიქები მტკიოდა.</p>

<p>-- მოდი, შვილო, ჩადექ წყალში, საამურია სიცხეში წყალში დგომა.</p>

<p>მე მივედი და კრძალვით ჩავსდგი ჯერ ერთი ფეხი: წყალი საშინლად ცივი იყო და გადმოვხტი ისევ
უკან.</p>

<p>8</p>
			
<p>--ცივია, არ შემიძლიან დგომა.</p>

<p>არაფერი გიშავს, უნდა ეხლავე შეეჩვიო, შვილო!</p>

<p>ცოტახანი დავდექი წყალში და მერე გამოვბრუნდით უკან. ჩვენს ზევით ნაკაფიანებში ხმაურობა ისმოდა. </p>

<p>- ეგ საშიში ხალხი არ
არის, - მითხრა დედამ. - ერთი დედაკაცი და პატარა ბალღია. ჩვენი მტერი
ეგრე არა ყვირის, ჩვენ მაინც სიფრთხილე გვმართებს. ესე წვრილიანზე
ავიაროთ, ველის პირად ნუ გამოვჩნდებით, ნუ დავენახვებით. </p>
  
<p>დედაჩემი წინ წავიდა. მე
გულმა არ მომითმინა და გავხედე: ტანი დავმალე, მხოლოდ თავი გამოვაჩინე.
ამ დროს ქვეიდამ ხმა მომესმა: ~ვაი, ვაი, დედილო, მგელი, დედილოჯან,
მგელი!~</p>

<p>-- ნუ გეშინიან, შვილო, გენაცვალე. Aაბა სად არის, დამანახვეო? -
  ჰკითხავდა დედა: -აგე, ყურები არ გადმოუცქვეტია, ადამიანო, ტყიდამ! - თვალცრემლიანი უჩვენებდა ბავშვი
თითით ჩემზე. </p>

<p>- უი, შენ კი გენაცვალოს
დედა, მგელი კი არ არის, შვლის ნუკრია, შვილო! ქა, რა ლამაზია! </p>

<p>- დავიჭიროთ, შენი
ჭირიმეო, -ეუბნებოდა პატარა დედას და თან მოუთმენლად ემზადებოდა ჩემკენ
გამოსაქცევად. </p>

<p>არა, გენაცვალოს დედა, ცოდოა, შვილო, როგორ იქნება, განა მაგას არა ჰყავს	დედა! ხომ უნდა იტიროს იმან თავის შვილზედა!</p>

<p>Mმე სულგანაბული ყურს ვუგდებდი და მიამა, რომ გავიგონე ერთადერთი სიტყვა ჩვენის შებრალებისა. მე კიდევ მინდოდა ყური მეგდო, მაგრამ დედაჩემი დაბრუნებულიყო, მოირბინა
და მითხრა: </p>

<p>-ჰაი, შე ბრიყვო, გჯერა, რასაც ეგენი ამბობენ?! რას უყურებ იქა? წავიდეთ ჩქარა, მომყე! ეგენი წავლენ, ასწავლიან მონადირეს ჩვენს ბინას და გამოგვასალმებენ სიცოცხლეს.</p>

<p>საბრალო დედაჩემი წინადვე ჰგრძნობდა, რომ ისე იქნებოდა. </p>

<p>შეკუნტრუშდა დედაჩემი, შევკუნტრუშდი მეც და გავსწიეთ ზეითკენ სკუპ-სკუპით. სულ ბოლო დროს
მხოლოდ ესღა გავიგონე: ~უი, დედაც იქა ჰყოლიაო!~</p>

<p>შევუდექით შამბიანს, ბუერიანს გვერდობს. ბუერის ძირები ცივის წყაროებით იყო მორწყული. აქა-იქ ლაფზე ეტყობოდა</p>

<p>9</p>

<p>ჩემსაებრ პატარა ნუკრის ნაფეხურები. საშინლად ცხელოდა. ვსწუხდით. დავწექით
ბუერებში. იმისი განიერი ფოთლები არ გვაკარებდნენ მწვავე მზის სხივებს.
უცებ გარშემო შემორტყმულ მთების წვერებიდან ამოცვივდენ ღრუბლები,
შეიყარნენ ერთად. ცამ დაიგრიალა, იჭექა, ელვა გაიკლაკნა. 
</p>

<p>წვიმა
სვეტ-სვეტად ჩამოდგა გაღმა სერებზე, მალე ჩვენს გარეშემოც ხის ფოთლებსა
და ნამეტნავად ბუერებზე დაიწყო ტლაშა-ტლუში. ისეთი ხმაურობა დადგა,
თითქოს ტყე და მთა-ბარი იქცეოდა. ყველა სულდგმულმა ხმა გაკმინდა: ჩიტები
ვეღარ ჰბედავდენ ჭიკჭიკს, ცელქობას...საძაგელი ჩხიკვი, რომელიც ისე
მაშინებდა წინათ, ეხლა სრულებით არ მეჩვენა ისე საზარელი: დამჯდარიყო
წიფლის შიმელაზე, მიეხუჭა თვალები და ნისკარტიდან ცინგლი ჩამოსდიოდა,
მხრები საცოდავად ჩამოეშვა. იმის ახლოს იჯდა გულწითელი ჩიტი,
~წიფლისჩიტა~, უწყინარი, უვნებელი, ღაბუა. მშვენივრად მიეხუჭა თვალები!
მოფრინდა ~წიპრანა~ და ~წრიპ, წრიპ!~ შესძახა. ჩხიკვს შეეშინდა, გაახილა
თვალები, გაუსკდა გული, მიასკდა ხან იქით, ხან აქეთ, უშნო ~ჩხიი, ჩხის!~
ძახილით. მე გამეცინა. წინათ ყველაზედ ღონიერი ის მეგონა, ახლა კი
გავიგე, რაც შვილი ბრძანებულა. 
</p>

<p>გადაიქუხა. ჩიტებმა მორთეს ერთხმად სიმღერა. ბალახებმა და ხის ფოთლებმა სიხარულის
ცრემლს დაუწყეს ფრქვევა. დედაჩემს ნაწვიმზე სიარული უყვარდა... წავიდოდა
ველად და მეც თან გამიყოლიებდა. ეხლაც წავედით, შევუდექით ველის პირებს,
გავსწიეთ მთისკენ. ტკბილი ხმა ისმოდა სალამურისა. მთის ძირზე გაშლილიყო
ცხვარი და ტკბილად სძოვდა ახლად დანამულს ბალახს. მზე გორის პირას იყო
ჩამალული ნახევრამდე. იმისი მკრთალი სხივები მხოლოდ მთებისა და ტყის
წვერებს ეთხოვებოდა. 
</p>

<p>გორის პირზე ზევით მხრივ იჯდა ნაბადწამოხვეული მეცხვარე და შეექცეოდა
სალამურს. იმის გვერდით წამოყუნტებულიყო ბანჯგვლიანი, საზარელი
შესახედავი ძაღლი; ის ცოცხლად აყოლებდა თვალებს ცხვრის ფარას და
ხანდახან აჩერდებოდა ალერსიანად თავის პატრონს. 
</p>

<p>--ცუდს ადგილას მოვედითო,- მითხრა დედაჩემმა, - მეცხვარე უიარაღოა, იმისი
ნუ შეგეშინდება, მაგრამ ის ძაღლი დაიყრის
</p>

<p>10</p>

<p>ჩვენს სუნს, და იქნება გამოგვეკიდოსო. მობრუნდი უკან. თვალი
გეჭიროს: თუ ჩვენსკენ გამოიქცა, მე დავენახვები და შენ ბალახებში
ჩაიმალეო. ჩვენს დანახვაზე ცხვარი წაფრთხა და დაიწყო ჩვენკენ ყურება, მე
ხშირსა და დაბერებულის არჯაკელის გროვაში ჩავიმალე და არ ვაშორებდი
თვალს იმ კუდბუთქა ძაღლს... ცხვრის დაფრთხობა და ძაღლის წკმუტუნი ერთი
იყო. სცქვიტა ყურები და გამოექანა ჩემკენ... 
</p>

<p>მეცხვარემ დაგვცა კივილი.
მე ავკანკალდი. დედაჩემს შეასწრო თვალი და გაექანა იმისკენ. დედაჩემი
გასრიალდა და ერთს წამს დამეკარგა თვალიდამ. ცრემლი მომერია, გული
მომიკვდა; ვაიმე, დედავ, თუ დაგიჭიროს მაგ წყეულმა! დიდი ხანი მესმოდა
ბრაგაბრუგი და ხევიდამ ქვების ჩხრიალი. 
</p>

<p>ვაიმე, თუ დაიჭირა დედაჩემი და თავის ალმასის კბილებით სწეწს! დაბინდდა. მეცხვარემ
მოუსტვინა ცხვარს და შეაყოლა ბინისაკენ. გულის ფანცქალით ვადევნებდი
თვალს იმის მოძრაობას. საწყალს ცხვრებს სცემდა ზოგს დიდის კომბლით და
ზოგს ქვებს ესროდა. ერთს პატარა ჩემოდენა ბატკანს მიარტყა ქვა, საბრალო
შაიქცა და საცოდავად დაიწყო ფეხების ქნევა. მეცხვარე ავიდა ზევით და
დაუწყო ძახილი ~ყურშიას~. ცოტახანს შემდეგ ცის ტატანზე* დავინახე, რომ
იმისი ყურშია, წითელ-ენაგადმოგდებული, ედგა პატრონს გვერდით. 
</p>

<p>მე მეშინოდა: ვინ იცის,
ჩემი დედის სისხლით აქვს-მეთქი გამურული ლაშ-პირი. დაბნელდა,
დაუკუნეთდა. ხმაურობა აღარსაიდამ ისმოდა. რა იქნა დედაჩემი? იქნება
ვეღარ მიპოვოს, თუ ცოცხალია? 
</p>

<p>
ცოტა ხანს შემდეგ ხავილი
შემომესმა. დედიჩემის ხმასა ჰგვანდა. მეც გავეხმაურე. საბრალო
აფორიაქლებული მოიჭრა ჩემთან. 
</p>

<p>-- აქა ხარ, შვილო? ნუ
გეშინიან, შენი დედა ცოცხალია. ძაღლი და მგელი ვერაფერს დააკლებენ...
ცოცხალი ხარო? - მკითხავდა.</p>

<p>-- ცოცხალი ვარ,- ვუპასუხე მე. </p>

<p>მიალერსა დედამ... ნეტა
ვის შევსტირო, ვის შევეხვეწო, ვინ არის ისეთი, ძალუმი, რომ დედიჩემის
თვალებში ჩამახედოს, დამატკბოს იმისის ალერსით! 
</p>

<p>H* ჰორიზონტს ეძახის ხალხი </p>

<p>11</p>

<p>როგორ უნდა მოვინელო ეს ჯავრი? ნეტა სისხლის მსმელს მტერს მეც მოვეკალი!
რისთვის დავრჩი მე ცოცხალი?!</p>

<p>წინადღეს
ცოცხალს, მშვენებით სავსეს ჩემს ნუგეშს შევსტრფოდი, და რა მომაგონებდა,
თუ მეორე დღეს დამეკარგებოდა სამუდამოდ!</p>

<p>მთელი
ღამე დავდიოდით ველზე. აღარ გვეშინოდა: გავედით სვილში და ტკბილად
შევექცეოდით. თენება დაიწყო, მივიქეცით ტყეში. წყეული იყოს იმ დღის
გათენება! ველზედ სქლად იწვა ბალახი. ველში იდგა ორი-სამი ძირი ბალი:
ჯგუფ-ჯგუფად ეხვეოდენ ჩიტები, შაშვები; ჟივილ-ხივილი ისმოდა; ზოგნი
მოდიოდენ და ზოგნი მიდიოდენ, მიეზიდებოდენ შვილებისათვის საზრდოს. დედამ
გამაფრთხილა და მითხრა: საშიშია ამ დროს სიარული, ჩვენი მტერი ნაწვიმზე
დაგვეძებს, აქეთ-იქით თვალი გეჭიროსო. 
</p>

<p>ეს იყო უკანასკნელი გაფრთხილება დედაჩემისაგან. დედაჩემი სწუხდა, თითქოს
სიკვდილსა ჰგრძნობდა. მოჰკვნეტდა ერთს ფოთოლს და გაუყუჩდებოდა. 
</p>

<p>ჩვენს
ზევით იყო დგნალები, ერთმანეთზე მიწყობით ამოსული. იმათ წინ იდგა სამი
თუ ოთხი შეკუმშული და აწურწუტებული არყი. 
</p>

<p>უცებ, როგორც ცის ჭექამ, იგრიალა თოფმა, იმის ხმამ დაიარა მთები და კლდეები.
ხის ფოთლებმა და მცენარეებმა კანკალი დაიწყეს, ბოლი გაერთხა ნამიანს
ბალახზე. დედაჩემმა ერთი კი ამოიკვნესა და წაიქცა. ვაიმე! მე იქვე
გავისხიპე. დედაჩემი მიგორავდა, ვხედავდი, თავქვე და სისხლიანს კვალს
სტოვებდა ბალახზე. არყების უკანიდამ გამოხტა ახალგაზრდა ბიჭი, ლეგა
ჩოხის კალთები აეკვალთა. ~გაუმარჯოსო~ დაიძახა და სასწრაფოს წკრიალით
გამოეკიდა დედაჩემს უკან. საწყალი დედაჩემი ცდილობდა ადგომას,
წამოიწევდა ხოლმე, მაგრამ ისევ ჩაიხვეოდა მუხლებში, დაეცემოდა და
გაგორდებოდა. მე მოვკვდი, ტანში დავიშალე, როდესაც შეჩვენებულმა
მონადირემ ამოიძრო პრიალა ხანჯალი და გამოუსო დედას ყელში. სისხლმა
იფეთქა და გადაერწყია ხელებზე. ვაჰმე! სულ ცხადლივ ვხედავდი, მაგრამ
რითი ვუშველიდი მე, საცოდავი?! აგერ, ძუძუებზე, იმ, ძუძუებზედ, რომლე-</p>

<p>12</p>

<p>ბსაც მე ვწოვდი დაუსო ხანჯალი და გამოშეშხა. შეიდო
  კისერზედ და გასწია. მე დავიწყე ტირილი. გული შემიწუხდა. მას აქეთ
  ცოცხალმკვდარი ვარ: ვტირი და ეს არის ჩემი ნუგეში. დავდივარ და
  შევსტირი ხეებს, მთასა და კლდეებს, დავსტირი წყალსა და ბალახს, მაგრამ
  ჩემთვის დედა არა ჩნდება, დედაჩემს ვეღარა ვხედავ, ვარ ობოლი და, ვინ
  იცის, ვინ დამეპატრონება, ვინ შეიღებავს ჩემის სისხლით ხელებს?!  
</p>

<p>13a</p>

			</div>
			</div>
			</div>
			<div type="container2" xml:lang="en">
				<head type="container2">The Story Told by a Fawn</head>
				<pb n="001" />
				<note><unclear>needs to be checked</unclear></note>

<p>I am very, very small, an orphan.  Fate has been cruel to me. 
I've become an orphan at a bad time. My fur is still thin, and the light spots 
scattered on my short hair are like small, white eyes.  My antlers and teeth 
haven’t come in yet, and my hooves have not yet grown hard. 
</p>

<p>I am making my way, with difficulty, like one who's lost his way.
Just look at my bloody feet, - here, when I went down to the
the ravine to drink water,
then I got hurt; my heart is troubled...my heart...
My poor mother!  While my mother was alive, 
she was always kind to me: she fed me at her breast, caressed me, 
and warned me about danger.
What will happen to me now, poor me!
I no longer nurse at her breast,  I only suck the dew from the grass 
in the morning and evenings,
when there is dew, and I am dying from the desire to drink milk.
Since I have no one to take care of me, I am always afraid, 
I tremble, and every day, expecting death,I wander about aimlessly, constantly 
expecting death...oh Lord, how many enemies we have!
without a clear path...oh Lord, how many enemies we have! </p>

<p>Not long ago, distraught, I went to the edge of the meadow...I was looking all 
around.  Suddenly, I heard a thundering noise above my head.  I looked up: an enormous 
grey-black bird, with its wings tucked in and its beak wide open,
was swooping straight towards me. Frightened, I jumped back 
into the forest.
</p>

<p>5</p>

<p>This accursed bird was aiming at me.  It couldn't hold itself back,
and fell on the very spot where I'd just been standing.  I tremble all
over me when I remember its curved beak and its claws, sharp like
uncut diamond.  It headed straight towards me, and when it didn't 
find me there, thwacked its wings over the grasses and the 
blackberry bushes. Looking everywhere its frightful,
yellow eyes, it was offended by my escape. 
It rose up, barely freed herself, barely able to free itself from
the blackberry bushes. I hid behind a tree, and from there, with my 
heart beating, squinting with one eye.</p>

<p>My dear forest! You help me so much, and if you didn't, I wouldn't 
have a single hair left on my fur coat.
My heart tells me that I will become the victim of enemies.  I am still 
inexperienced, I was with my mother 
for only a week.  She taught me who my enemy was, and who was my friend.
And now, who will teach me?  I always lie in the tall weeds, 
hiding, and have no peace from the knats and mosquitoes. 
With my mother, I lived well, and breathed freely...
</p>

<p>My mother and I lived over there on the hilly ridge, with small 
mountain rivers flowing on both sides, in the shadowy mists of the 
forest; our home was difficult to reach.  My mother would usually 
lie on the edge of the hill, and I would lie next to her. The trees hid 
us from view on three sides, and mama herself would look outfrom the 
fourth . From time to time she would raise her ears. I would look at 
her, and imitating her, would raise up my small ears.  Three times we 
heard an unusual noise:  it wasn't like the roaring of the water, which I 
heard all the time, or the clatter of a blackbird, or the knocking
of a woodpecker; it wasn't even like a branch, crashing down from the top of a 
dry tree, or the sound of the leaves rustling in the wind.  I noticed that
whenever my mother heard this unfamiliar sound, she woud jump to her feet 
and say to me:  "My child! Come, follow me!"  She would run away, and I, too,
would jump with all of my strength.  I had no idea, couldn't understand at 
all whom she feared.  But now I know...Oh!  How many enemies we have!
Oh, man!  Why do you feel no pity for me, small as I am?  Why don't you let 
me be, so I can walk freely, and with a peaceful heart tread on the 
beautiful, green grass, stand on the top of the cliff, and enjoy 
the light evening breeze?!
</p>

<p>6</p>
	
<p>I can't stray far from the forest.  If I go out into the meadow,
I have to stay near the edge of the forest -- if I didn't, I would perish!
I constantly have to look all around, hide behind the trees, near boulders, 
in the grass.  I eat my food, and shuddering from fear, I can barely stand!
What harm do I do to you, oh man, tell me, what harm?  What harm did my 
poor mama do to you, what did she drink that was yours, 
what did she eat of yours that made you kill her and leave me
with no one to care for me, and make me an orphan?! Oh, humans!  You depend 
on your wiles and strength, and aren't at all concerned about us.  
You don't feel that we, too, love freedom.  With your merciless heart,
you don't feel that we, too, love life and nature:  the rustling of a leaf, 
the water's roar, which I often so hear with silent, bated breath, the 
waving of the grass, running and playing together with the beasts of the 
forest...But you, oh, man! Nervous, your eyes bloodshot, you search 
for me, and a thousand others like me, weak and without protection.
You have weapons, you sneak up on us, kill us treacherously with bullets,
making us say farewell to this earthly life...
</p>

<p>How can I not be afraid?  It's barely a week,
since I first looked upon this world, and how much fear and suffering I've 
gone through already!  The day before yesterday was rainy.  Full of life
and beauty, my mother stood next to a beech tree, and was chewing with 
gusto...and I was standing next to my mother, taking joy at being with her.  
Trusting in my mother, I gave no thought to enemies and death.
Raindrops were falling from the dense leaves...I put my head under them, 
so these pleasant drops could refresh me.</p>

<p>"Isn't it lovely, my child?" my mother asked me.</p>

<p>I nodded and jumped about, sometimes knocking my head against her teats.</p>

<p>In front of us a woodpecker was inscribing a cirle around a dead tree, 
and rapping so loudly that I was amazed -- my mother was so large, and she 
couldn't make the forest as noisy as this small bird! It went around the 
tree trunk, scraping with his feet, and pecked first at one place, 
</p>

<p>7</p>

<p>and then at another...I watched the woodpecker's playfulness with joy.  
Suddenly I heard "Chkhi! Chkhi!"  Chkhi!"
I looked to the side:  a jay was circling above us.  "Hide behind me,"
my mother said,  "or the jay will pluck out your eyes!..."  I hid.  
My mother shook her head, and chased away this vile bird.  The jay flew 
towards me, making many attempts, but then left us in peace.  Pretending 
to be innocent, it settled on the branch of a beech tree, and began to meow. 
Its voice sounded just like mine.  My mother laughed involuntarily, and 
said,</p>

<p>"It's very sly, my child, that jay, be careful!...It preys on small fawns
like you, my child...it moans softely, and starts to meow and so if
a foolish and inexperienced fawn like you is near by, it calls to you.  
And this is just what it wants:  to jump out and snatch away your eyes!"
</p>

<p>A shudder passed through my body...</p>

<p>I didn't utter a sound, and hid immediately!</p>

<p>"Yes, yes, it's so, my child!  As long as your mother is
alive, don't be afraid; when I am no longer around for you, then
you must be cautious!"</p>

<p>Oh, how inexperienced I am, poor me!</p>

<p>Once it was very hot.  My mother got up from her bed
and suggested we go to the stream.  We went out, and made our way 
down a slope covered with small trees; we passed through the 
reeds and reached the river.  The ravine was so deep, the sun's rays 
couldn't reach the bottom. The trees, stretching from both banks, were
woven together like the ends of a rope.  At the base of the trees, 
blackberries roots grew out over the riverbank, their red heads bent, 
looking at the flowing of the water.  The cold, limpid water gurgled along 
the glistening boulders, pouring over one rock and then another, and 
forming into pools. My mother came up and stood directly in a pool.  My 
hooves were hurting and I could barely walk on the rocks. 
</p>

<p>"Come here, my child, step into the water, it's pleasant to stand 
in the water in hot weather."
</p>

<p>I went down and cautiously put one foot in the water:
it was terribly cold, and I jumped back right away.</p>

<p>8</p>

<p>"It's cold, I can't stand here."</p>

<p>"Nothing horrible will happen to you, you need
to get used to this now, my child!"</p>

<p>I stood in the water a short while, and then we
turned back.  We heard a sound above us in a clear-cut area of the forest.
</p>

<p>"That's not frightening," my mother said to me.
"It's a mother and a small child.  Our enemy doesn't cry like that,
but still, we need to be careful."  We climbed up through the thicket, so 
we wouldn't be visible at the edge of the forest,
so no one could see us.</p>

<p>My mother walked on ahead. My heart couldn't stand it, and I
looked back.  I hid my body, revealing only my head.  Then,
I heard a sound from below:  "Oh, mommy, mommy, a wolf,
mommy, a wolf!"</p>

<p>"Don't be afraid, my child, my dear. But where is it, can you
show me?" his mother asked.  "Look over there, don't you see
his ears sticking up from the woods, mama!"  The child pointed to me 
with tears in his eyes.</p>

<p>"Ooh, oh my dear, dear child, that's not a wolf, it's a fawn,
my child!  Oh, how beautiful it is!"</p>

<p>"Let's catch it, darling mama," the small child said to his
mother, and at the same time, impatient, he was ready to run towards me.</p>

<p>"No, my dear child, it's a sin, my child, you know it has a mother!
She would certainly cry about her child!"</p>

<p>I held my breath and listened, pleased to hear a single word of pity 
for us.  I even wanted to listen more, but my mother returned, and ran up 
to me, saying:</p>

<p>"Hey, you silly child, do you really believe what they're saying?!  Why are you 
looking over there?  Let's go, quickly, follow me!  They'll go away, but 
they'll tell the hunters about our home and they'll make us say goodbye 
to life."</p>

<p>My poor mother sensed beforehand, that this is what would happen.</p>

<p>My mother jumped up, and I did too, and we bounded up the hill.  At the 
very last moment, this was all I heard: "Ooh, its mother is there, too!"</p>

<p>We entered an area at the edge of the ridge that was overgrown with
reeds and covered with butterbur, whose roots were moistened by the cold
springs.  Footprings of a small fawn like me</p>

<p>9</p>

<p>were visible here and there on the mud.  It was frightfully hot.
We were worried.  We lay down in the butterbur, and its wide 
leaves protected us from the rays of the burning sun.  Suddenly the 
clouds lifted from the peaks of the mountains surrounding us, and gathered
together.  The sky rumbled, thundered, and there was a flash of lightening.</p>

<p>Heavy rain fell on the opposite cliffs, and soon all around us the leaves 
of trees and butterbur became so noisy it sounded as if the forest,
the mountains, and valley were all collapsing.  Every living creature 
fell silent.  The birds no longer dared to chirp or hop around playfully. 
The loathesome jay, who had frightened me so much earlier, now didn't seem 
so completely terrifying:  it was sitting on a beech sapling, with eyes 
closed and mucous running down from its beak, its shoulders sagging 
pitifully.  A red-breasted bird, the "beech-tree bird," inoffensive 
and harmless with its soft downy neck, was sitting near it.  How 
it closed its eyes!  A siskin flew towards me and cried out, "Tsrip, tsrip!" 
The jay was startled, opened its eyes, took a deep breath, and turning 
and there, cried out awkwardly, "Chkhii, chkhis!" I found it funny.  Before, 
I'd thought it was so strong, but now I understood it was really just 
a child.
</p>

<p>The thunder moved away.  The birds broke out in song, in unison.  
The grass and the leaves of the trees began to shed tears of joy.  
My mother loved to walk after the rain...She would walk along the meadow
and take me with her.  And now, too, we made our way along the edge of the 
meadow's edge, heading towards the mountains.  We heard the sweet sound of 
a salamuri.*  A flock of sheep was spread out at the base of the mountain, 
munching happily on the fresh, dewy grass. The sun was half hidden behind 
the edge of the mountain, its pale rays reaching only the tops of the 
hills and trees.
</p>

<p>A shepherd sat above us on the hillside.  He was wrapped in his 
nabadi,* and playing on the salamuri.  An enormous, terrifying dog with long,
thick heair was squatting next to him, watching the flock of sheep with its
quick eyes, from time to time glancing lovingly at its master.</p>

<p>"We've come to a bad place," my mother said to me,
"The shepard is unarmed, you don't need to be afraid of him, but that 
dog will bark</p>

<p>10</p>

<p>at our smell, and may chase after us.  Let's
go back.  Watch it closely:  if it starts running 
in our direction, I'll show myself to it, and you hide in 
the grass.  The flock was startled when it saw us, and began
to look in our direction.  I hid in the thick, impenetrable mass of 
vetchling and didn't take my eyes off the dog with its wagging tail...
The flock grew frightened and the dog began to whimper at the very same time.  
It raised its ears, and rushed in my direction...
</p>

 <p>The shepherd began to shout. I started to shake.  
The dog immediately caught sight of my mother, and rushed 
towards her. My mother slipped, and in a second disappeared from view.  
Tears rushed to my eyes, I was sick at heart.  Oh lord, mama, if this 
cursed dog catches you!  For a long time I heard her hoovew crashing,
and from the ravine, the clatter of stones.
</p>

<p>Oh lord, if it catches my mother and tears her
to pieces with its diamond-sharp teeth!  Twilight fell.  The shepherd 
whistled to his sheep and drove them towards their fold.
With pounding heart, I observed his movements.  He beat some of
the miserable flock with his long staff and threw stones 
at others.  A rock hit one lamb, small like me.  The poor thing
fell and its legs started to shake pitifully.  The shepherd set off, and 
began to call "Q'urshia."  Soon, I saw it on the horizon -- Q'urshia 
was standing by its owner's side, its red tongue hanging out of its mouth. 
</p>

<p>I was afraid: who knows, whether or not its lips and mouth were covered
with my mother's blood. It grew dark.  Nothing
was visible, and not a sound was heard anywhere.  What had happened to 
my mother?  Mayby she couldn't find me, if she's still alive? 
</p>

<p>Soon, I heard a loud croaking.  It sounded like my mother's voice.  
I called back to her. Agitated, the poor thing rushed towards me.</p>

<p>"Are you here, my child?  Don't be afraid, your mother is
alive. No dog or wolf can destroy her...are you alive?"
she asked me.</p>

<p>"I am," I answered her.</p>

<p>My mother carressed me...Oh, to whom can I weep and cry now, with whom
can I plead?  Who is powerful enough to let me look  
into my mother's eyes again, to enjoy her carress!</p>

<p> Folk word for horizon</p> 

<p>11</p>

<p>How can I survive this sorrow?  If only this bloodthirsty enemy would 
kill me, too!  Why am I still alive?!</p>

<p>Yesterday, I watched my mother, my solace, alive, full of splendor,
and how could I have thought that the next day, I would lose her
forever!</p>

<p>We walked through the meadow the entire night.  We were
no longer afraid:  we entered an alpine squill, ate the grass with pleasure.
It began to get light, and we headed towards the forest.  Accursed was the 
dawn of this day!  In the meadow, the grass grew thick. In the meadow stood 
two or three cherry trees.  Blackbirds flocked around the, and we heard 
their lively chatter.  Some flew up, others some flew away, carrying off 
food for their children.  My mother cautioned me, saying:  "It's 
dangerous to be out walking right now, our enemy
will be searching for us everywhere after the rain."
</p>

<p>This was my mother's last warning.  My mother was
worried, as if she felt death near by.  She would pull off a single leaf, 
and stand completely still.</p>

<p>Above us, goat-willows were growing very close to one
another.  In front of them stood three or four dense, rustling birch trees.</p>

<p>Suddenly, like clap of thunder from the sky, a rifle gave a deafening roar, 
and the sound ricocheted the mountains and cliffs.
The leaves on the trees and the plants all shuddered, smoke spread out 
across the dewy grass. My mother groaned once, and
fell.  Oh lord!  I froze on the spot.  My mother rolled, head down, and left 
a  bloody trace on the grass.  A young boy jumped out from behind the
birch trees, the hem of his black-grey chokha* tucked up to his waist. 
 "Victory!" he shouted, and with a quick, high-pitched warble he raced toward 
 my mother.  My poor mother tried to stand up,
to step forward, but her knees gave out again, she fell and rolled.  I died.
I was destroyed when the cursed hunter took out  his glinting kinjal* and 
cut my mother's throat. Her blood gushed out and poured over his hands.  
Oh me!  I saw everthing clearly, but how could I help her, wretched as I 
was?!  Right here, on her breasts, those very breasts on which </p>

<p>12</p>

<p>I used to suck, he made a cut with the kinjal and opened up her 
insides.  He threw her around his neck, and set off.  I started to 
wail.  I fainted.  Since then, I've barely been alive.
I weep, and this is my consolation.  I walk, weeping and crying to the trees,
the mountains and the cliffs.  I wail and cry to the stream and the grass,
but my mother does not come to me.  I no longer see my mother, I am an
orphan, and who knows, who will take care of me, who will dye his 
hands with my blood?!</p>

<p>13a</p>

</div>
<div type="container3" xml:lang="ru">
	<head type="container3">title</head>
	<p>content</p>
</div>
<div type="footnotes">
		<note xml:id="n0001">note content</note>
</div>
</div>
</body>
</text>
</TEI>