<?xml version="1.0" encoding="utf-8"?> 
<!DOCTYPE TEI PUBLIC "-//OTAP//DTD TEI Transitional//EN" "http://www.tei-c.org/release/xml/tei/custom/schema/dtd/tei_lite.dtd">
<!-- <?xml-stylesheet type="text/xsl" href="month.xsl"?>-->
<TEI> 
<teiHeader>
		<!-- [ TEI Header information ] -->
 <fileDesc>
  <titleStmt>
   <title>The_Road_to_Kartli,  ქართლის_გზაზე</title>
   <author>Lado_Asatiani, ლადო_ასათიანი</author>

   <respStmt>
    <resp>Georgian Digital Text Collective (DTCG)</resp>
    <name>Mary Childs, with Lia Shartava</name>
   </respStmt>
  </titleStmt>
  <publicationStmt>
   <distributor>Newbook Digital Texts in the Humanities (NDTH)</distributor>
   <address>
    <addrLine>newbook@uw.edu</addrLine>
   </address>
   <idno type="DTCG">1999</idno>

   <availability>
    <p>Copyright 2014 DTCG. All Rights Reserved.</p>
	<p>[FOR PRINT: Get standard wording] DTCG grants non-profit academic users a limited, non-exclusive right to copy and print this work with attribution. This right does not include use of this material in derivative works.</p>
	<p>[NOT FOR PRINT: Get standard wording]This work is not yet available for print-on-demand.</p>
   </availability>
   <date when="2012">2014</date>
  </publicationStmt>
  <sourceDesc>
   <bibl>Lado Asatiani  The Road of Kartli</bibl>
  </sourceDesc>
 </fileDesc>
 <encodingDesc>
  <projectDesc>
   <p>The purpose of DTCG is to make available, on the internet, dual language presentations of Georgian literary and scholarly works.</p>
  </projectDesc>
<!--
  <editorialDecl>
   <correction>
    <p>NO CORRECTIONS.</p>
   </correction>
   <normalization>
    <p>Original spelling and typography is retained.</p>
   </normalization>
  </editorialDecl>
-->
 </encodingDesc>
 <revisionDesc>

  <list>
   <item><date when="2012-10-22">22 October 12</date> Last checked</item>
   <item><date when="2013-04-24">24 April 13</date> Updated TEI Header</item>
  </list>
 </revisionDesc>
</teiHeader>

<text>
	<body>
		<div type="work" xml:id="GT0000">
			<head type="work">Title</head>
			<div type="container1" xml:lang="ka">
				<head type="container1">ქართლის გზაზე</head>
				<head type="container1"><foreign>title</foreign></head>
				<head type="dedication">dedication</head>
				<div type="chapter" n="1">
					<head type="chapter" n="1">chapter title</head>
						<div type="section" n="1">
							<head type="section" n="1">section title</head>
								<pb n="0001" />
								<lg n="stanza_title">
									<lg>
										<l>ჰეი, ძმობილო, შეხედე, რამდენი ყაყაჩო გაშლილა!...</l>
										<l>რაც უფლისციხეს გამოვცდეთ, უფრო და უფრო გახშირდა;</l>
										<l>მინდვრებს, გორაკებს, ფერდობებს ეფინება და ედება,</l>
										<l>გზაში ყაყაჩოს შეხვედრა სიკეთედ დაგვებედება:</l>
										<l>სულ ახალგაზრდა ვიქნებით, გული არ დაგვიბერდება!</l>
										<l>ჰეი, ძმობილო, შეხედე რამდენი ყაყაჩო გაშლილა!...</l>
										<l>რაც უფლისციხეს გამოვცდით, ოფრო და უფრო გახშირდა</l>
										<l>მოდი, ჩვენ ესეც ვიკმაროთ და სხვა დიდება ნუ გვინდა,</l>
										<l>ყაყაჩომ თუ მოგვანათოს ლამასი ქალის შუქითა!</l>
									</lg>
									<lg>
										<l>N/A</l>
									</lg>
								</lg>
						</div>
				</div>
			</div>
			<div type="container2" xml:lang="en">
				<head type="container2">On The Road to Kartli</head>
				<pb n="001" />
				<note><unclear>needs to be checked</unclear></note>
				<lg n="stanza_title">
					<lg>
						<l>Ah, brother, see how many poppies have bloomed!...</l>
						<l>Since we've passed Uplistsikhe, they've multiplied, and more;</l>
						<l>They grow all over the fields, the hills and slopes;</l>
						<l>Finding poppies on the road will bring us good luck:</l>
						<l>We will be young forever, our hearts will never grow old!</l>	
						<l>Ah, brother, see how many poppies have bloomed!...</l>
						<l>Since we've passed Uplistsikhe, they've multiplied, and more;</l>
						<l>Come, let us be satisfied, and not seek any other glory,</l>	
						<l>If a poppy shine on us like the light of a beautiful woman!</l>			
					</lg>
					<lg>
						<l>N/A</l>
					</lg>
					<note>line2 containing <foreign>word</foreign></note>
					<note>line3</note>
				</lg>
			</div>
			<div type="container3" xml:lang="ru">
				<head type="container3">title</head>
				<p>content</p>
			</div>
			<div type="footnotes">
				<note xml:id="n0001">note content</note>
			</div>
		</div>
	</body>
</text>
</TEI>