<?xml version="1.0" encoding="utf-8"?> 
<!DOCTYPE TEI PUBLIC "-//OTAP//DTD TEI Transitional//EN" "http://www.tei-c.org/release/xml/tei/custom/schema/dtd/tei_lite.dtd">
<!-- <?xml-stylesheet type="text/xsl" href="month.xsl"?>-->
<TEI> 
<teiHeader>
		<!-- [ TEI Header information ] -->
 <fileDesc>
  <titleStmt>
   <title>My_Grandfather, ბაბუაჩემი</title>
   <author>Lado_Asatiani, ლადო_ასათიანი</author>

   <respStmt>
    <resp>Georgian Digital Text Collective (DTCG)</resp>
    <name>Mary Childs, with Lia Shartava</name>
   </respStmt>
  </titleStmt>
  <publicationStmt>
   <distributor>Newbook Digital Texts in the Humanities (NDTH)</distributor>
   <address>
    <addrLine>newbook@uw.edu</addrLine>
   </address>
   <idno type="DTCG">1999</idno>

   <availability>
    <p>Copyright 2014 DTCG. All Rights Reserved.</p>
	<p>[FOR PRINT: Get standard wording] DTCG grants non-profit academic users a limited, non-exclusive right to copy and print this work with attribution. This right does not include use of this material in derivative works.</p>
	<p>[NOT FOR PRINT: Get standard wording]This work is not yet available for print-on-demand.</p>
   </availability>
   <date when="2012">2014</date>
  </publicationStmt>
  <sourceDesc>
   <bibl>Lado Asatiani  My Grandfather</bibl>
  </sourceDesc>
 </fileDesc>
 <encodingDesc>
  <projectDesc>
   <p>The purpose of DTCG is to make available, on the internet, dual language presentations of Georgian literary and scholarly works.</p>
  </projectDesc>
<!--
  <editorialDecl>
   <correction>
    <p>NO CORRECTIONS.</p>
   </correction>
   <normalization>
    <p>Original spelling and typography is retained.</p>
   </normalization>
  </editorialDecl>
-->
 </encodingDesc>
 <revisionDesc>

  <list>
   <item><date when="2012-10-22">22 October 12</date> Last checked</item>
   <item><date when="2013-04-24">24 April 13</date> Updated TEI Header</item>
  </list>
 </revisionDesc>
</teiHeader>

<text>
	<body>
		<div type="work" xml:id="GT0000">
			<head type="work">Title</head>
			<div type="container1" xml:lang="ka">
				<head type="container1">ბაბუაჩემი</head>
				<head type="container1"><foreign>title</foreign></head>
				<head type="dedication">dedication</head>
				<div type="chapter" n="1">
					<head type="chapter" n="1">chapter title</head>
						<div type="section" n="1">
							<head type="section" n="1">section title</head>
								<pb n="0001" />
								<lg n="stanza_title">
									<lg>
										<l>ის, მისი დღე და წუთისოფელი,</l>
										<l>როცა სწყუროდა, სულ ღვინოს სვამდა,</l>
										<l>იდგა ბუხართან ხელადა სველი</l>
										<l>და უღვიძებდა ბაბუას მადას.</l>
										<l>ენამზიანი და ზამთრის გულში</l>
										<l>ტკბილი ქართულით მოლაპარაკე,</l>
										<l>ჰყვებოდა მშვიდად ბუხრის გუგუნში</l>
										<l>საბა-სულხანის იგავ-არაკებს.</l>
										<l>არ იშორებდა წელზე სატევარს,</l>
										<l>ბატონკაცური შვენოდა წვერი,</l>
										<l>უყვარდა ლხინში ღამის გათევა -</l>
										<l>მოგონებები ძველთაგან-ძველი.</l>
										<l>უყვარდა მოხუცს ხმალამოწვდილი</l>
										<l>ქართველის ეშხი და სილამაზე,</l>
										<l>უყვარდა შვილი და შვილიშვილიც,</l>
										<l>ამღერებული არწივის ხმაზე.</l>
									</lg>
									<lg>
										<l>1938</l>
									</lg>
								</lg>
						</div>
				</div>
			</div>
			<div type="container2" xml:lang="en">
				<head type="container2">My Grandfather</head>
				<pb n="001" />
				<note><unclear>needs to be checked</unclear></note>
				<lg n="stanza_title">
					<lg>
						<l>He, every day of his life,</l>
						<l>When he was thirsty, always drank wine;</l>
						<l>A pot-bellied clay vessel stood by the fireplace,</l>
						<l>And would wake up grandfather's appetite.</l>
						<l>Eloquent in the middle of winter,</l>
						<l>He spoke in sweet Georgian,</l>
						<l>By the murmuring of the fireplace, calmly,</l>
						<l>He would tell the tales of Saba-Sulkhan,</l>
						<l>He would never take his pistol from his waist,</l>
						<l>His noble beard suited his face,</l>
						<l>He liked to spend the night feasting -- </l>
						<l>And memories that were older than old.</l>
						<l>As an old man, he loved the charm and beauty</l>
						<l>Of a Georgian who brandished his sword,</l>
						<l>He loved his child, and his grandchild,</l>
						<l>Singing at the sound of an eagle's cry.</l>
					</lg>
					<lg>
						<l>1938</l>
					</lg>
				</lg>
			</div>
			<div type="container3" xml:lang="ru">
				<head type="container3">title</head>
				<p>content</p>
			</div>
			<div type="footnotes">
				<note xml:id="n0001">note content</note>
			</div>
		</div>
	</body>
</text>
</TEI>