<?xml version="1.0" encoding="utf-8"?> 
<!DOCTYPE TEI PUBLIC "-//OTAP//DTD TEI Transitional//EN" "http://www.tei-c.org/release/xml/tei/custom/schema/dtd/tei_lite.dtd">
<!-- <?xml-stylesheet type="text/xsl" href="month.xsl"?>-->
<TEI> 
<teiHeader>
		<!-- [ TEI Header information ] -->
 <fileDesc>
  <titleStmt>
   <title>Today_I_Destroyed_Yesterday's_Thoughts, დღეს_გუშინდელი_ფიქრი_დავშალე</title>
   <author>Terenti_Graneli, ტერენტი_გრანელი</author>

   <respStmt>
    <resp>Georgian Digital Text Collective (DTCG)</resp>
    <name>Ed Raupp, Ketevan Chkheidze, Mari Manvelishvili</name>
   </respStmt>
  </titleStmt>
  <publicationStmt>
   <distributor>Newbook Digital Texts in the Humanities (NDTH)</distributor>
   <address>
    <addrLine>newbook@uw.edu</addrLine>
   </address>
   <idno type="DTCG">2009</idno>

   <availability>
    <p>Copyright© 2009 Georgian in Seattle. Non-commercial Use Permitted, With Attribution</p>
	<p>[FOR PRINT: Get standard wording] DTCG grants non-profit academic users a limited, non-exclusive right to copy and print this work with attribution. This right does not include use of this material in derivative works.</p>
	<p>[NOT FOR PRINT: Get standard wording]This work is not yet available for print-on-demand.</p>
   </availability>
   <date when="2012">2009</date>
  </publicationStmt>
  <sourceDesc>
   <bibl>Terenti Graneli *TITLE*</bibl>
  </sourceDesc>
 </fileDesc>
 <encodingDesc>
  <projectDesc>
   <p>The purpose of DTCG is to make available, on the internet, dual language presentations of Georgian literary and scholarly works.</p>
  </projectDesc>
<!--
  <editorialDecl>
   <correction>
    <p>NO CORRECTIONS.</p>
   </correction>
   <normalization>
    <p>Original spelling and typography is retained.</p>
   </normalization>
  </editorialDecl>
-->
 </encodingDesc>
 <revisionDesc>

  <list>
   <item><date when="2012-10-22">October 2009</date> Last checked</item>
   <item><date when="2013-04-24">24 April 13</date> Updated TEI Header</item>
  </list>
 </revisionDesc>
</teiHeader>

<text>
	<body>
		<div type="work" xml:id="GT0000">
			<head type="work">Title</head>
			<div type="container1" xml:lang="ka">
				<head type="container1">დღეს გუშინდელი ფიქრი დავშალე</head>
				<head type="container1"><foreign>title</foreign></head>
				<head type="dedication">dedication</head>
				<div type="chapter" n="1">
					<head type="chapter" n="1">chapter title</head>
						<div type="section" n="1">
							<head type="section" n="1">section title</head>
								<pb n="0001" />
								<lg n="stanza_title">
									<lg>
										<l>დღეს გუშინდელი ფიქრი დავშალე,</l>
										<l>გაჩნდა ოცნება კიდევ სხვა ფერის.</l>
										<l>ვფიქრობ: ძვირფასო, რა დავაშავე,</l>
										<l>ან რისთვის მოხდა ეს ყველაფერი?! </l>
									</lg>
									<lg>
										<l>ისევ საშინელ დღეებს განვიცდი,</l>
										<l>წინ მიდევს წიგნი, სისხლით ნაფერი. </l>
										<l>ვღონდები, ვდარდობ, თუმცა არ ვიცი</l>
										<l>რის ნიშანია ეს ყველაფერი?!</l>
									</lg>
									<lg>
										<l>სული ამაღლდა, გული ილევა,</l>
										<l>თითქო საკუთარ ცხედარს დავცქერი.</l>
										<l>არ ვიცი, მართლა სინამდვილეა, </l>
										<l>თუ სიზმარია ეს ყველაფერი?!</l>
									</lg>
									<lg>
										<l>NO DATE</l>
									</lg>
								</lg>
						</div>
				</div>
			</div>
			<div type="container2" xml:lang="en">
				<head type="container2">Today I Destroyed Yesterday's Thoughts</head>
				<pb n="001" />
				<note><unclear>needs to be checked</unclear></note>
				<lg n="stanza_title">
					<lg>
						<l>Today I dashed the thoughts of yesterday,</l>
						<l>A different colored dream appeared to me.</l>
						<l>I think, my Dear! I bear the heavy guilt,</l>
						<l>For all the consequences of my acts.</l>
					</lg>
					<lg>
						<l>Still every day is horrible for me,</l>
						<l>Before me there's a book that's stained by blood.</l>
						<l>I'm sad and brieving, still I do not know</l>
						<l>The cause of my distress, of my torment.</l>
					</lg>
					<lg>
						<l>My soul ascends, my heart now disappears,</l>
						<l>As I look down at my imagined corpse,</l>
						<l>I do not know if it is really mine,</l>
						<l>Or if this vision now is but a dream.</l>
					</lg>
					<lg>
						<l>NO DATE</l>
					</lg>
				</lg>
			</div>
			<div type="container3" xml:lang="ru">
				<head type="container3">title</head>
				<p>content</p>
			</div>
			<div type="footnotes">
				<note xml:id="n0001">note content</note>
			</div>
		</div>
	</body>
</text>
</TEI>